,sr,Terminal Degree,SSC,Admission Test,Optional Subject 5,Offered,
1`(,1,761,789,54,134,No,)++
1`(,2,754,614,52,0,No,)++
1`(,3,767,681,54,0,No,)++
1`(,4,583,709,42,95,No,)++
1`(,5,664,697,51,48,No,)++
1`(,6,772,802,53,152,No,)++
1`(,7,668,747,48,110,No,)++
1`(,8,640,739,52,0,No,)++
1`(,9,720,724,57,96,No,)++
1`(,10,792,720,52,148,No,)++
1`(,11,784,667,40,36,No,)++
1`(,12,610,670,52,44,No,)++
1`(,13,756,672,50,0,No,)++
1`(,14,741,605,54,92,No,)++
1`(,15,598,647,40,113,No,)++
1`(,16,743,591,50,165,No,)++
1`(,17,613,627,48,42,No,)++
1`(,18,532,672,46,68,No,)++
1`(,19,760,758,77,126,No,)++
1`(,20,613,748,46,61,No,)++
1`(,21,598,594,40,0,No,)++
1`(,22,787,906,62,0,No,)++
1`(,23,804,813,60,122,No,)++
1`(,24,673,735,50,0,No,)++
1`(,25,845,832,53,154,No,)++
1`(,26,927,902,68,169,Yes,)++
1`(,27,800,810,55,135,No,)++
1`(,28,763,813,19,117,No,)++
1`(,29,565,574,52,75,No,)++
1`(,30,771,814,55,130,No,)++
1`(,31,695,820,46,0,No,)++
1`(,32,741,612,54,0,No,)++
1`(,33,791,916,12,64,No,)++
1`(,34,694,819,60,37,No,)++
1`(,35,574,683,47,85,No,)++
1`(,36,765,865,70,54,No,)++
1`(,37,728,820,49,148,No,)++
1`(,38,809,882,58,164,No,)++
1`(,39,701,743,54,0,No,)++
1`(,40,782,667,55,0,No,)++
1`(,41,850,799,55,179,No,)++
1`(,42,800,591,61,67,No,)++
1`(,43,781,783,49,0,No,)++
1`(,44,887,903,51,0,Yes,)++
1`(,45,712,726,54,0,No,)++
1`(,46,686,761,50,0,No,)++
1`(,47,787,921,39,0,No,)++
1`(,48,932,922,53,0,Yes,)++
1`(,49,806,835,54,64,No,)++
1`(,50,619,802,44,75,No,)++
1`(,51,678,679,55,103,No,)++
1`(,52,823,933,68,41,No,)++
1`(,53,765,748,55,0,No,)++
1`(,54,800,867,59,163,No,)++
1`(,55,827,645,50,169,No,)++
1`(,56,832,588,40,0,No,)++
1`(,57,883,834,42,167,No,)++
1`(,58,853,827,46,0,No,)++
1`(,59,906,909,53,158,Yes,)++
1`(,60,594,665,49,82,No,)++
1`(,61,768,725,43,0,No,)++
1`(,62,695,731,57,0,No,)++
1`(,63,739,700,57,43,No,)++
1`(,64,741,645,46,0,No,)++
1`(,65,712,903,51,103,No,)++
1`(,66,644,788,48,40,No,)++
1`(,67,772,714,42,139,No,)++
1`(,68,823,752,59,0,No,)++
1`(,69,612,865,57,0,No,)++
1`(,70,819,850,4,158,No,)++
1`(,71,760,628,0,154,No,)++
1`(,72,577,708,50,0,No,)++
1`(,73,587,629,49,85,No,)++
1`(,74,867,725,50,0,No,)++
1`(,75,672,518,45,139,No,)++
1`(,76,847,783,50,140,No,)++
1`(,77,718,655,54,0,No,)++
1`(,78,890,926,53,160,Yes,)++
1`(,79,714,827,55,139,No,)++
1`(,80,512,659,39,61,No,)++
1`(,81,855,748,56,0,Yes,)++
1`(,82,716,798,44,0,No,)++
1`(,83,840,872,59,0,No,)++
1`(,84,848,867,56,194,No,)++
1`(,85,1001,893,64,175,Yes,)++
1`(,86,701,655,48,141,No,)++
1`(,87,731,775,58,168,No,)++
1`(,88,843,904,44,164,No,)++
1`(,89,852,914,56,137,No,)++
1`(,90,588,902,41,92,No,)++
1`(,91,617,771,47,126,No,)++
1`(,92,590,659,51,0,No,)++
1`(,93,625,732,49,30,No,)++
1`(,94,741,613,47,136,No,)++
1`(,95,724,508,42,0,No,)++
1`(,96,572,725,52,64,No,)++
1`(,97,643,581,50,135,No,)++
1`(,98,852,900,45,0,No,)++
1`(,99,543,637,44,0,No,)++
1`(,100,679,777,30,122,No,)++
1`(,101,831,790,50,166,No,)++
1`(,102,633,784,53,52,No,)++
1`(,103,810,840,57,151,No,)++
1`(,104,697,755,52,138,No,)++
1`(,105,824,740,54,45,No,)++
1`(,106,974,895,68,164,Yes,)++
1`(,107,834,614,50,178,Yes,)++
1`(,108,693,651,42,0,No,)++
1`(,109,906,909,53,158,Yes,)++
1`(,110,594,665,49,82,No,)++
1`(,111,684,776,46,148,No,)++
1`(,112,661,655,50,0,No,)++
1`(,113,718,612,43,0,No,)++
1`(,114,748,807,47,0,No,)++
1`(,115,680,590,50,120,No,)++
1`(,116,853,571,49,64,No,)++
1`(,117,627,892,51,0,No,)++
1`(,118,781,526,46,120,No,)++
1`(,119,777,836,58,0,No,)++
1`(,120,886,825,50,0,Yes,)++
1`(,121,682,845,63,137,No,)++
1`(,122,866,924,70,163,Yes,)++
1`(,123,754,553,52,0,No,)++
1`(,124,753,793,62,144,No,)++
1`(,125,585,672,53,62,No,)++
1`(,126,738,721,53,117,No,)++
1`(,127,942,929,62,0,Yes,)++
1`(,128,752,566,49,144,No,)++
1`(,129,725,729,44,102,No,)++
1`(,130,542,753,40,23,No,)++
1`(,131,856,808,64,158,No,)++
1`(,132,610,670,52,44,No,)++
1`(,133,756,672,50,0,No,)++
1`(,134,823,869,63,126,No,)++
1`(,135,791,836,59,45,No,)++
1`(,136,711,860,0,94,No,)++
1`(,137,662,743,50,37,No,)++
1`(,138,801,796,55,43,No,)++
1`(,139,536,720,73,0,No,)++
1`(,140,767,843,18,144,No,)++
1`(,141,679,733,42,0,No,)++
1`(,142,627,892,51,0,No,)++
1`(,143,659,649,51,140,No,)++
1`(,144,854,897,47,0,No,)++
1`(,145,950,933,70,0,Yes,)++
1`(,146,778,729,52,0,No,)++
1`(,147,796,789,64,168,No,)++
1`(,148,825,660,67,150,No,)++
1`(,149,804,851,76,0,No,)++
1`(,150,792,588,30,0,No,)++
1`(,151,797,811,49,111,No,)++
1`(,152,776,626,54,0,No,)++
1`(,153,724,807,50,0,No,)++
1`(,154,733,898,54,81,No,)++
1`(,155,680,700,40,116,No,)++
1`(,156,780,801,44,122,No,)++
1`(,157,922,846,66,40,Yes,)++
1`(,158,619,742,49,73,No,)++
1`(,159,703,570,51,170,No,)++
1`(,160,670,726,45,108,No,)++
1`(,161,723,840,53,106,No,)++
1`(,162,693,788,45,0,No,)++
1`(,163,556,665,48,0,No,)++
1`(,164,879,691,48,79,Yes,)++
1`(,165,726,716,61,44,No,)++
1`(,166,903,846,69,0,Yes,)++
1`(,167,860,848,44,161,No,)++
1`(,168,838,834,57,135,No,)++
1`(,169,576,732,57,121,No,)++
1`(,170,726,767,53,134,No,)++
1`(,171,504,624,54,70,No,)++
1`(,172,603,734,50,100,No,)++
1`(,173,596,781,50,78,No,)++
1`(,174,776,882,61,0,No,)++
1`(,175,586,574,52,71,No,)++
1`(,176,789,711,63,0,No,)++
1`(,177,469,513,38,0,No,)++
1`(,178,778,727,50,158,No,)++
1`(,179,802,700,64,0,No,)++
1`(,180,868,793,47,0,No,)++
1`(,181,888,846,53,171,No,)++
1`(,182,644,636,43,70,No,)++
1`(,183,805,539,29,0,No,)++
1`(,184,694,687,43,94,No,)++
1`(,185,614,812,44,0,No,)++
1`(,186,704,739,56,114,No,)++
1`(,187,826,959,53,129,Yes,)++
1`(,188,553,589,47,0,No,)++
1`(,189,584,785,50,89,No,)++
1`(,190,730,813,61,44,No,)++
1`(,191,761,903,48,0,No,)++
1`(,192,779,594,49,144,No,)++
1`(,193,607,630,36,143,No,)++
1`(,194,853,829,61,172,Yes,)++
1`(,195,749,689,59,146,No,)++
1`(,196,619,606,47,37,No,)++
1`(,197,801,882,37,170,No,)++
1`(,198,679,832,50,0,No,)++
1`(,199,752,767,1,0,No,)++
1`(,200,814,636,61,0,No,)++
1`(,201,911,854,60,0,Yes,)++
1`(,202,764,859,52,129,No,)++
1`(,203,741,804,58,101,No,)++
1`(,204,743,818,49,0,No,)++
1`(,205,718,622,32,126,No,)++
1`(,206,796,789,64,168,No,)++
1`(,207,778,729,52,0,No,)++
1`(,208,742,726,52,45,No,)++
1`(,209,762,667,51,0,No,)++
1`(,210,708,672,43,107,No,)++
1`(,211,685,801,56,0,No,)++
1`(,212,620,748,50,39,No,)++
1`(,213,786,808,72,0,No,)++
1`(,214,825,808,50,143,No,)++
1`(,215,675,679,48,150,No,)++
1`(,216,917,819,55,151,Yes,)++
1`(,217,819,841,45,142,No,)++
1`(,218,737,700,54,125,No,)++
1`(,219,663,767,52,157,No,)++
1`(,220,504,777,40,87,No,)++
1`(,221,631,605,50,126,No,)++
1`(,222,629,701,55,136,No,)++
1`(,223,675,695,55,128,No,)++
1`(,224,692,639,38,145,No,)++
1`(,225,860,942,61,139,Yes,)++
1`(,226,950,933,70,0,Yes,)++
1`(,227,776,781,44,128,No,)++
1`(,228,624,698,35,99,No,)++
1`(,229,776,747,58,122,No,)++
1`(,230,637,641,53,0,No,)++
1`(,231,737,579,48,45,No,)++
1`(,232,551,724,48,0,No,)++
1`(,233,612,873,10,102,No,)++
1`(,234,777,675,45,104,No,)++
1`(,235,713,838,18,41,No,)++
1`(,236,565,686,59,0,No,)++
1`(,237,792,799,47,47,No,)++
1`(,239,787,775,51,0,No,)++
1`(,240,746,673,51,0,No,)++
1`(,241,754,657,56,107,No,)++
1`(,242,869,847,55,181,Yes,)++
1`(,243,574,581,46,0,No,)++
1`(,244,804,851,76,0,No,)++
1`(,245,727,835,58,128,No,)++
1`(,246,722,713,50,37,No,)++
1`(,247,696,827,49,114,No,)++
1`(,248,589,659,45,0,No,)++
1`(,249,622,861,54,114,No,)++
1`(,250,815,940,56,143,No,)++
1`(,251,545,544,43,0,No,)++
1`(,252,807,672,48,42,No,)++
1`(,253,863,823,51,152,No,)++
1`(,254,747,715,52,123,No,)++
1`(,255,744,754,13,112,No,)++
1`(,256,722,770,54,0,No,)++
1`(,257,812,821,53,121,No,)++
1`(,258,894,846,44,164,No,)++
1`(,259,773,802,41,0,No,)++
1`(,260,776,626,54,0,No,)++
1`(,261,916,868,60,172,Yes,)++
1`(,262,600,639,42,99,No,)++
1`(,263,854,897,47,0,No,)++
1`(,264,622,614,55,0,No,)++
1`(,265,608,635,49,107,No,)++
1`(,266,627,667,55,0,No,)++
1`(,267,788,608,50,74,No,)++
1`(,268,584,546,61,158,No,)++
1`(,269,841,772,62,190,No,)++
1`(,270,700,588,51,124,No,)++
1`(,271,620,623,55,126,No,)++
1`(,272,817,880,51,165,No,)++
1`(,273,692,628,65,143,No,)++
1`(,274,657,742,65,93,No,)++
1`(,275,744,804,62,39,No,)++
1`(,276,540,624,38,81,No,)++
1`(,277,601,807,55,0,No,)++
1`(,278,784,784,54,123,No,)++
1`(,279,695,575,50,0,No,)++
1`(,280,926,704,61,90,Yes,)++
1`(,281,775,736,50,0,No,)++
1`(,282,574,714,44,35,No,)++
1`(,283,695,896,58,101,No,)++
1`(,284,649,654,53,50,No,)++
1`(,285,738,747,62,118,No,)++
1`(,286,812,922,49,168,No,)++
1`(,287,752,691,52,113,No,)++
1`(,288,879,691,48,79,Yes,)++
1`(,289,726,716,61,44,No,)++
1`(,290,615,614,47,106,No,)++
1`(,291,828,745,51,132,No,)++
1`(,292,529,708,46,23,No,)++
1`(,293,711,801,57,123,No,)++
1`(,294,758,563,40,158,No,)++
1`(,295,798,819,71,139,No,)++
1`(,296,543,546,45,0,No,)++
1`(,297,764,765,50,107,No,)++
1`(,298,733,804,51,109,No,)++
1`(,299,600,557,52,43,No,)++
1`(,300,825,660,67,150,No,)++
1`(,301,618,745,46,116,No,)++
1`(,302,777,675,45,104,No,)++
1`(,303,713,838,18,41,No,)++
1`(,304,867,912,59,156,No,)++
1`(,305,831,793,57,141,No,)++
1`(,306,551,761,49,0,No,)++
1`(,307,724,700,56,0,No,)++
1`(,308,718,612,52,0,No,)++
1`(,309,797,811,49,111,No,)++
1`(,310,792,588,30,0,No,)++
1`(,311,780,811,55,147,No,)++
1`(,312,815,931,46,0,No,)++
1`(,313,833,881,54,158,No,)++
1`(,314,677,791,43,0,No,)++
